master_nlc,station_name,latitude,longitude
750,Abbey Road,51.53253900,0.00360495
5131,Abbey Wood,51.49107800,0.12045845
1404,Acton Central,51.50871200,-0.26281226
3000,Acton Main Line,51.51697100,-0.26794616
500,Acton Town,51.50270600,-0.27997061
9441,Addington Village,51.35626900,-0.03287923
9440,Addiscombe,51.37993500,-0.07326544
5132,Albany Park,51.43538400,0.12596416
502,Aldgate,51.51424500,-0.07571749
503,Aldgate East,51.51562200,-0.07084555
6025,Alexandra Palace,51.59789000,-0.12043871
850,All Saints,51.51056400,-0.01301018
505,Alperton,51.54080400,-0.30009325
506,Amersham,51.67408500,-0.60736838
9442,Ampere Way,51.38236300,-0.12369167
5397,Anerley,51.41258700,-0.06557992
507,Angel,51.53194200,-0.10609982
508,Archway,51.56543400,-0.13499401
9443,Arena,51.39160300,-0.05825767
509,Arnos Grove,51.61640300,-0.13328087
510,Arsenal,51.55838400,-0.10748286
9444,Avenue Road,51.40679900,-0.04951878
511,Baker Street,51.52258700,-0.15673869
512,Balham LU,51.44335600,-0.15286522
5399,Balham NR,51.44283000,-0.15144746
513,Bank and Monument,51.51338200,-0.08895541
5348,Banstead,51.32949000,-0.21430169
501,Barbican,51.52015000,-0.09869005
514,Barking,51.54026700,0.07932261
1335,Barking Riverside,51.51973000,0.11607000
515,Barkingside,51.58582100,0.08861964
5089,Barnehurst,51.46502000,0.15964919
5551,Barnes,51.46678200,-0.24118250
5580,Barnes Bridge,51.47201600,-0.25262988
516,Barons Court,51.49026800,-0.21365907
5420,Battersea Park,51.47803000,-0.14823892
832,Battersea Power Station,51.47950000,0.14200000
6006,Bayford,51.75790600,-0.09573240
517,Bayswater,51.51228000,-0.18838485
3047,Beaconsfield,51.61100000,-0.64400000
5076,Beckenham Hill,51.42427900,-0.01566211
5046,Beckenham Junction,51.41081200,-0.02655573
9445,Beckenham Junction Trams,51.41081200,-0.02655573
9446,Beckenham Road,51.40963400,-0.04315741
895,Beckton,51.51437100,0.06136648
891,Beckton Park,51.50871800,0.05500105
518,Becontree,51.54031200,0.12652477
9449,Beddington Lane,51.38945800,-0.14284825
9450,Belgrave Walk,51.40082100,-0.17817137
5062,Bellingham,51.43299300,-0.01937044
5350,Belmont,51.34389300,-0.19878020
519,Belsize Park,51.55030900,-0.16461880
5092,Belvedere,51.49211400,0.15244443
787,Bermondsey,51.49770000,-0.06434113
5581,Berrylands,51.39901000,-0.28091616
6961,Bethnal Green LO,51.52388900,-0.05959800
520,Bethnal Green LU,51.52744000,-0.05464627
5093,Bexley,51.44023500,0.14794647
5094,Bexleyheath,51.46344300,0.13380428
5063,Bickley,51.40006400,0.04433311
5401,Birkbeck,51.40351300,-0.05634419
9454,Birkbeck Trams,51.40374700,-0.05580231
521,Blackfriars LU,51.51158100,-0.10377383
5112,Blackfriars NR,51.51007900,-0.10315891
5095,Blackheath,51.46580300,0.00891543
9459,Blackhorse Lane,51.38499300,-0.07022176
522,Blackhorse Road,51.58671900,-0.04164943
882,Blackwall,51.50793900,-0.00718726
524,Bond Street,51.51430000,-0.14900232
525,Borough,51.50108100,-0.09341792
526,Boston Manor,51.49542200,-0.32527838
527,Bounds Green,51.60737600,-0.12489941
3018,Bourne End,51.57691400,-0.71079800
851,Bow Church,51.52779300,-0.02092468
528,Bow Road,51.52685100,-0.02478592
6027,Bowes Park,51.60718900,-0.12048793
529,Brent Cross,51.57681500,-0.21397678
1516,Brent Cross West,51.56870000,-0.22690000
5552,Brentford,51.48761700,-0.30961954
6872,Brentwood,51.61381300,0.29946636
6810,Brimsdown,51.65557300,-0.03083227
778,Brixton LU,51.46268500,-0.11472696
5081,Brixton NR,51.46287900,-0.11333695
5404,Brockley,51.46462000,-0.03755223
5096,Bromley North,51.40842400,0.01704009
5064,Bromley South,51.40007000,0.01754950
530,Bromley-by-Bow,51.52462600,-0.01232599
1437,Brondesbury,51.54505200,-0.20264484
1438,Brondesbury Park,51.54047700,-0.21042471
6074,Brookmans Park,51.72148400,-0.20642854
6812,Broxbourne,51.74683900,-0.01066968
6958,Bruce Grove,51.59370900,-0.07005086
531,Buckhurst Hill,51.62594600,0.04681417
3176,Burnham,51.52328100,-0.64656778
532,Burnt Oak,51.60280800,-0.26401769
6913,Bush Hill Park,51.64178100,-0.06944113
1395,Bushey,51.64564900,-0.38519475
534,Caledonian Road,51.54847900,-0.11836521
1439,Caledonian Road & Barnsbury,51.54341800,-0.11511281
6962,Cambridge Heath,51.53224400,-0.05748371
1440,Camden Road,51.54193700,-0.13950246
535,Camden Town,51.53942400,-0.14269086
788,Canada Water,51.49792700,-0.04983770
842,Canary Wharf DLR,51.50510600,-0.02098567
6560,Canary Wharf EL,51.50607100,-0.01763821
852,Canary Wharf LU,51.50350100,-0.01863444
884,Canning Town,51.51398700,0.00829637
536,Cannon Street LU,51.51138200,-0.09036498
5142,Cannon Street NR,51.51066600,-0.09061107
1441,Canonbury,51.54852000,-0.09306513
537,Canons Park,51.60800600,-0.29473930
1442,Carpenders Park,51.62791200,-0.38550674
5405,Carshalton,51.36857900,-0.16637786
5406,Carshalton Beeches,51.35719500,-0.16934595
3098,Castle Bar Park,51.52282900,-0.33145169
5351,Caterham,51.28220400,-0.07839047
5077,Catford,51.44446500,-0.02615570
5047,Catford Bridge,51.44458800,-0.02492719
9488,Centrale,51.37586500,-0.10378350
6874,Chadwell Heath,51.56791600,0.12820235
7447,Chafford Hundred,51.48560000,0.28746357
539,Chalfont & Latimer,51.66806700,-0.56097590
540,Chalk Farm,51.54411800,-0.15347473
541,Chancery Lane,51.51810500,-0.11236728
718,Charing Cross LU,51.50797000,-0.12638961
5143,Charing Cross NR,51.50774500,-0.12410761
5144,Charlton,51.48684500,0.03141741
5352,Cheam,51.35566200,-0.21451937
5098,Chelsfield,51.35660900,0.10832488
543,Chesham,51.70533800,-0.61102566
6814,Cheshunt,51.70270200,-0.02386593
5582,Chessington North,51.36398600,-0.30072984
5554,Chessington South,51.35674600,-0.30809286
544,Chigwell,51.61764100,0.07572152
6914,Chingford,51.63242000,0.00931856
5353,Chipstead,51.30935400,-0.16937095
5099,Chislehurst,51.40516000,0.05786037
5583,Chiswick,51.48114900,-0.26818031
545,Chiswick Park,51.49456100,-0.26787374
546,Chorleywood,51.65416600,-0.51830823
9460,Church Street,51.37366000,-0.10423381
5121,City Thameslink,51.51533600,-0.10353141
547,Clapham Common,51.46207600,-0.13735368
5301,Clapham High Street,51.46548500,-0.13231989
5595,Clapham Junction,51.46446000,-0.17051283
548,Clapham North,51.46512300,-0.12991600
549,Clapham South,51.45276900,-0.14760609
6926,Clapton,51.56165700,-0.05680763
5048,Clock House,51.40868000,-0.04042293
550,Cockfosters,51.65136400,-0.14851248
551,Colindale,51.59540500,-0.24993432
552,Colliers Wood,51.41827100,-0.17786595
3019,Cookham,51.55743600,-0.72211442
9464,Coombe Lane,51.35981600,-0.06007626
5408,Coulsdon South,51.31580200,-0.13796045
5382,Coulsdon Town,51.32201100,-0.13482425
553,Covent Garden,51.51308900,-0.12427720
5100,Crayford,51.44819900,0.17837100
6007,Crews Hill,51.68475100,-0.10725210
1519,Cricklewood,51.55862600,-0.21233798
5078,Crofton Park,51.45520800,-0.03663172
854,Crossharbour,51.49590400,-0.01444021
7406,Crouch Hill,51.57156100,-0.11660410
554,Croxley,51.64758200,-0.44107809
5356,Crystal Palace,51.41766300,-0.07126229
6008,Cuffley,51.70914300,-0.10979473
887,Custom House DLR,51.50962900,0.02590251
6561,Custom House EL,51.50962900,0.02590251
879,Cutty Sark,51.48177500,-0.01069004
893,Cyprus,51.50842500,0.06402349
7440,Dagenham Dock,51.52602700,0.14650368
555,Dagenham East,51.54401500,0.16494548
556,Dagenham Heathway,51.54155500,0.14563360
1443,Dalston Junction,51.54528400,-0.07497069
1429,Dalston Kingsland,51.54819300,-0.07633349
5101,Dartford,51.44741600,0.21912057
557,Debden,51.64528000,0.08358939
3052,Denham,51.57900000,-0.49800000
3060,Denham Golf Club,51.58100000,-0.51800000
5421,Denmark Hill,51.46804300,-0.08959785
5145,Deptford,51.47897800,-0.02663895
897,Deptford Bridge,51.47416800,-0.02239699
867,Devons Road,51.52223700,-0.01727351
558,Dollis Hill,51.55196200,-0.23902424
3099,Drayton Green,51.51643400,-0.33014320
6000,Drayton Park,51.55310500,-0.10576908
9468,Dundonald Road,51.41772600,-0.20780192
560,Ealing Broadway,51.51498200,-0.30040612
561,Ealing Common,51.50971400,-0.28816576
562,Earl's Court,51.49161100,-0.19390041
5584,Earlsfield,51.44240700,-0.18769770
5414,Earlswood,51.22772300,-0.17087895
563,East Acton,51.51734300,-0.24814286
5355,East Croydon,51.37584700,-0.09273454
9470,East Croydon Trams,51.37486700,-0.09273218
5358,East Dulwich,51.46156200,-0.08038166
565,East Finchley,51.58718900,-0.16480738
566,East Ham,51.53939800,0.05260467
883,East India,51.50938200,-0.00218126
567,East Putney,51.45861300,-0.21123895
564,Eastcote,51.57659000,-0.39705282
5056,Eden Park,51.39017900,-0.02636565
568,Edgware,51.61366900,-0.27494156
774,Edgware Road (Bak),51.52046200,-0.17030186
569,Edgware Road (DIS),51.52025900,-0.16656227
6941,Edmonton Green,51.62483900,-0.06120295
570,Elephant & Castle LU,51.49488400,-0.10057713
5246,Elephant & Castle NR,51.49488400,-0.10057713
571,Elm Park,51.54958000,0.19743329
5049,Elmers End,51.39801600,-0.04970553
9471,Elmers End Trams,51.39834600,-0.04953336
5135,Elmstead Woods,51.41679400,0.04466241
1542,Elstree & Borehamwood,51.65233100,-0.27951672
5103,Eltham,51.45559100,0.05226856
898,Elverson Road,51.46852400,-0.01620508
542,Embankment,51.50721100,-0.12224179
7473,Emerson Park,51.56864600,0.22028668
6010,Enfield Chase,51.65263500,-0.09086689
6815,Enfield Lock,51.67088500,-0.02857738
6959,Enfield Town,51.65171700,-0.07869010
572,Epping,51.69363000,0.11398208
5360,Epsom,51.33434900,-0.26955448
5361,Epsom Downs,51.32392700,-0.23883080
5104,Erith,51.48157700,0.17519408
6004,Essex Road,51.54063200,-0.09630788
574,Euston LU,51.52828700,-0.13387416
1444,Euston NR,51.52880500,-0.13425663
575,Euston Square,51.52568800,-0.13556618
5415,Ewell East,51.34529400,-0.24128567
5586,Ewell West,51.35010800,-0.25712775
576,Fairlop,51.59594700,0.09113449
5137,Falconwood,51.45903100,0.07955808
577,Farringdon,51.52012300,-0.10478842
5559,Feltham,51.44784000,-0.41028632
7490,Fenchurch Street,51.51133200,-0.07742550
9472,Fieldway,51.35097000,-0.02417353
578,Finchley Central,51.60083500,-0.19231363
579,Finchley Road,51.54723200,-0.18069416
1445,Finchley Road & Frognal,51.55022900,-0.18317086
580,Finsbury Park,51.56483300,-0.10642155
6876,Forest Gate,51.54925100,0.02327751
5362,Forest Hill,51.43924100,-0.05308674
581,Fulham Broadway,51.48088100,-0.19435314
5587,Fulwell,51.43374800,-0.34969009
3144,Furze Platt,51.53315400,-0.72841480
894,Gallions Reach,51.50896200,0.07178654
582,Gants Hill,51.57657600,0.06530578
5416,Gatwick Airport,51.15672200,-0.16101795
9473,George Street,51.37389700,-0.09890774
3051,Gerrards Cross,51.58900000,-0.55500000
6877,Gidea Park,51.58152900,0.20572971
5363,Gipsy Hill,51.42470700,-0.08458761
583,Gloucester Road,51.49451200,-0.18375915
584,Golders Green,51.57230200,-0.19402301
585,Goldhawk Road,51.50175800,-0.22656627
586,Goodge Street,51.52059700,-0.13436150
6878,Goodmayes,51.56574300,0.11208452
6028,Gordon Hill,51.66317900,-0.09453022
1409,Gospel Oak,51.55549000,-0.15157166
587,Grange Hill,51.61313500,0.09250218
6029,Grange Park,51.64332700,-0.09693805
9474,Gravel Hill,51.35457600,-0.04291923
7443,Grays,51.47636200,0.32188125
588,Great Portland Street,51.52381100,-0.14370101
590,Green Park,51.50662300,-0.14291544
589,Greenford,51.54225100,-0.34534974
928,Greenwich,51.47811400,-0.01538573
5139,Grove Park,51.43050500,0.02258730
591,Gunnersbury,51.49137400,-0.27552831
5364,Hackbridge,51.37802800,-0.15367128
6977,Hackney Central,51.54708800,-0.05676498
6867,Hackney Downs,51.54852700,-0.06059796
6978,Hackney Wick,51.54342500,-0.02427018
6075,Hadley Wood,51.66863000,-0.17618159
1022,Haggerston,51.53851900,-0.07538593
592,Hainault,51.60331700,0.09336489
593,Hammersmith (DIS),51.49214100,-0.22329499
773,Hammersmith (H&C),51.49352400,-0.22494110
594,Hampstead,51.55659400,-0.17843084
1413,Hampstead Heath,51.55523900,-0.16535798
5560,Hampton,51.41590600,-0.37214866
5561,Hampton Court,51.40202000,-0.34252261
5589,Hampton Wick,51.41455700,-0.31234448
595,Hanger Lane,51.53030600,-0.29365056
3191,Hanwell,51.51171800,-0.33870298
596,Harlesden,51.53635300,-0.25783810
6879,Harold Wood,51.59282400,0.23284276
1543,Harpenden,51.81534700,-0.35357299
6012,Harringay,51.57738700,-0.10535135
7401,Harringay Green Lanes,51.57726600,-0.09785157
9475,Harrington Road,51.39966100,-0.06047541
597,Harrow & Wealdstone,51.59221600,-0.33487284
598,Harrow-on-the-Hill,51.57926600,-0.33665957
1398,Hatch End,51.60958000,-0.36878329
6070,Hatfield,51.76392000,-0.21778966
779,Hatton Cross,51.46654000,-0.42399020
5289,Haydons Road,51.42540200,-0.18885961
3186,Hayes & Harlington,51.50295500,-0.41904580
5050,Hayes (Kent),51.37632300,0.01057067
1434,Headstone Lane,51.60255400,-0.35694886
7091,Heathrow Terminal 4 EL,51.45909100,-0.44599680
781,Heathrow Terminal 4 LU,51.45880600,-0.44547392
9846,Heathrow Terminal 5 EL,51.47222600,-0.48772393
783,Heathrow Terminal 5 LU,51.47251400,-0.48772882
780,Heathrow Terminals 123 LU,51.47134400,-0.45247734
7090,Heathrow Terminals 2 & 3 EL,51.47192500,-0.45431507
1522,Hendon,51.58021300,-0.23888495
601,Hendon Central,51.58340000,-0.22655053
3146,Henley-on-Thames,51.53434200,-0.90022579
5066,Herne Hill,51.45346500,-0.10228246
855,Heron Quays,51.50294900,-0.02158345
6818,Hertford East,51.79919900,-0.07264428
6085,Hertford North,51.79928500,-0.09222001
602,High Barnet,51.65039800,-0.19388418
605,High Street Kensington,51.50029700,-0.19211625
3054,High Wycombe,51.62900000,-0.74500000
6919,Highams Park,51.60912800,-0.00005802
603,Highbury & Islington,51.54637200,-0.10365461
604,Highgate,51.57768300,-0.14583651
606,Hillingdon,51.55360400,-0.45046638
5107,Hither Green,51.45144000,-0.00049476
607,Holborn,51.51711300,-0.12006174
608,Holland Park,51.50719300,-0.20551840
609,Holloway Road,51.55287100,-0.11300554
6979,Homerton,51.54707400,-0.04296285
5418,Honor Oak Park,51.45002100,-0.04538886
5365,Horley,51.16879000,-0.16095280
610,Hornchurch,51.55387600,0.21811027
6015,Hornsey,51.58632000,-0.11167771
5563,Hounslow,51.46209900,-0.36172440
611,Hounslow Central,51.47130700,-0.36623246
612,Hounslow East,51.47320200,-0.35643101
613,Hounslow West,51.47358300,-0.38582033
1023,Hoxton,51.53128800,-0.07584953
614,Hyde Park Corner,51.50273000,-0.15432692
615,Ickenham,51.56157200,-0.44234742
6881,Ilford,51.55894100,0.06890687
9586,Imperial Wharf,51.47510200,-0.18293181
856,Island Gardens,51.48805800,-0.01048861
5592,Isleworth,51.47489400,-0.33677236
3170,Iver,51.50859200,-0.50682390
5419,Kenley,51.32477400,-0.10083936
616,Kennington,51.48828900,-0.10587833
617,Kensal Green,51.53061000,-0.22445052
1448,Kensal Rise,51.53447400,-0.22010437
618,Kensington (Olympia),51.49743400,-0.20948904
5080,Kent House,51.41205100,-0.04466479
619,Kentish Town,51.55018200,-0.13886320
1449,Kentish Town West,51.54670900,-0.14670659
620,Kenton,51.58152500,-0.31664467
5593,Kew Bridge,51.48950400,-0.28722313
621,Kew Gardens,51.47713300,-0.28496487
5108,Kidbrooke,51.46206600,0.02748077
622,Kilburn,51.54699100,-0.20533758
1415,Kilburn High Road,51.53773800,-0.19129632
623,Kilburn Park,51.53507000,-0.19437238
523,King George V,51.50200600,0.06235019
9476,King Henry's Drive,51.34537300,-0.02023567
6121,King's Cross,51.53205500,-0.12375722
625,King's Cross St. Pancras,51.53025200,-0.12406202
624,Kingsbury,51.58432000,-0.27870922
5565,Kingston,51.41281500,-0.30198301
5366,Kingswood,51.29472900,-0.21101785
626,Knightsbridge,51.50175300,-0.16082135
5109,Knockholt,51.34577000,0.13083188
627,Ladbroke Grove,51.51726000,-0.21110424
5057,Ladywell,51.45602900,-0.01919387
628,Lambeth North,51.49883400,-0.11237120
629,Lancaster Gate,51.51185000,-0.17511450
853,Langdon Park,51.51526800,-0.01411705
3171,Langley,51.50785500,-0.54186358
630,Latimer Road,51.51347700,-0.21778108
6927,Lea Bridge,51.56682400,-0.03713681
9477,Lebanon Road,51.37521300,-0.08472879
5110,Lee,51.44968200,0.01449712
631,Leicester Square,51.51146200,-0.12826395
940,Lewisham DLR,51.46498900,-0.01300386
5051,Lewisham NR,51.46563600,-0.01399799
632,Leyton,51.55681500,-0.00513804
7402,Leyton Midland Road,51.56941900,-0.00702501
633,Leytonstone,51.56880100,0.00861884
7403,Leytonstone High Road,51.56353300,0.00854536
862,Limehouse DLR,51.51235000,-0.03946494
7491,Limehouse NR,51.51287300,-0.03903893
634,Liverpool Street LU,51.51768100,-0.08237585
6965,Liverpool Street NR,51.51804000,-0.08176982
9478,Lloyd Park,51.36421000,-0.08057663
635,London Bridge LU,51.50503200,-0.08588973
5148,London Bridge NR,51.50503200,-0.08588973
533,London City Airport,51.50359000,0.04841582
6966,London Fields,51.54111600,-0.05778372
5082,Loughborough Junction,51.46618800,-0.10217217
636,Loughton,51.64121900,0.05530656
5053,Lower Sydenham,51.42456800,-0.03334230
3645,Luton Airport Parkway,51.87284400,-0.39612796
637,Maida Vale,51.52979300,-0.18578666
3147,Maidenhead,51.51830800,-0.72268496
5599,Malden Manor,51.38472800,-0.26124525
638,Manor House,51.57031800,-0.09639555
6883,Manor Park,51.55220100,0.04503102
639,Mansion House,51.51189300,-0.09522919
640,Marble Arch,51.51343900,-0.15824656
3021,Marlow,51.57113300,-0.76685560
6970,Maryland,51.54605100,0.00592924
641,Marylebone LU,51.52223500,-0.16349907
1475,Marylebone NR,51.52426500,-0.16340295
5149,Maze Hill,51.48261200,0.00353298
6599,Meridian Water,51.61003500,-0.05019285
5475,Merstham,51.26416800,-0.15006738
9479,Merton Park,51.41364000,-0.20113094
642,Mile End,51.52534200,-0.03342881
1527,Mill Hill Broadway,51.61264500,-0.24886691
643,Mill Hill East,51.60827500,-0.21014284
9480,Mitcham,51.39753800,-0.17115718
5069,Mitcham Eastfields,51.40739900,-0.15487532
5427,Mitcham Junction,51.39294900,-0.15777101
9481,Mitcham Junction Trams,51.39268200,-0.15742235
646,Moor Park,51.62977600,-0.43215255
645,Moorgate,51.51824900,-0.08906880
647,Morden,51.40276000,-0.19475749
9482,Morden Road,51.40885200,-0.19272016
5291,Morden South,51.39567900,-0.19923370
648,Mornington Crescent,51.53406400,-0.13809325
5600,Mortlake,51.46806500,-0.26693365
5645,Motspur Park,51.39487200,-0.23960065
5118,Mottingham,51.44025400,0.04995491
857,Mudchute,51.49152300,-0.01491866
649,Neasden,51.55434000,-0.25074633
9484,New Addington,51.34267300,-0.01745157
6018,New Barnet,51.64878700,-0.17291625
5058,New Beckenham,51.41693800,-0.03520870
5150,New Cross,51.47637200,-0.03262688
5345,New Cross Gate,51.47503400,-0.04021578
5119,New Eltham,51.43801500,0.07094848
5567,New Malden,51.40396200,-0.25575693
6019,New Southgate,51.61400400,-0.14302787
650,Newbury Park,51.57550100,0.08996490
831,Nine Elms,51.48000000,0.12850000
5568,Norbiton,51.41230300,-0.28409890
5428,Norbury,51.41137000,-0.12179973
653,North Acton,51.52349000,-0.25938136
5429,North Dulwich,51.45418300,-0.08833419
654,North Ealing,51.51749200,-0.28875337
789,North Greenwich,51.50057500,0.00432072
656,North Harrow,51.58516000,-0.36317690
5601,North Sheen,51.46532300,-0.28658822
659,North Wembley,51.56240400,-0.30387578
655,Northfields,51.49966100,-0.31297754
657,Northolt,51.54846100,-0.36952781
1478,Northolt Park,51.55751700,-0.35927914
6971,Northumberland Park,51.60194100,-0.05394750
660,Northwick Park,51.57849200,-0.31769485
661,Northwood,51.61079800,-0.42370773
662,Northwood Hills,51.60015200,-0.40845327
5376,Norwood Jn,51.39717100,-0.07469762
663,Notting Hill Gate,51.50893000,-0.19619860
5068,Nunhead,51.46683700,-0.05237302
6020,Oakleigh Park,51.63774900,-0.16627872
664,Oakwood,51.64733200,-0.13125903
7451,Ockendon,51.52166300,0.29020757
665,Old Street,51.52562600,-0.08760667
5122,Orpington,51.37360700,0.08871674
667,Osterley,51.48123600,-0.35219620
668,Oval,51.48183800,-0.11239616
669,Oxford Circus,51.51518100,-0.14101084
3087,Paddington NR,51.51727300,-0.17749212
670,Paddington TfL,51.51583800,-0.17485420
6021,Palmers Green,51.61836700,-0.11049214
671,Park Royal,51.52643200,-0.28393487
672,Parsons Green,51.47528400,-0.20115493
5423,Peckham Rye,51.46982400,-0.06986956
5072,Penge East,51.41931300,-0.05413506
5378,Penge West,51.41751500,-0.06069771
673,Perivale,51.53649600,-0.32258889
5123,Petts Wood,51.38862500,0.07456742
9485,Phipps Bridge,51.40331100,-0.18211249
674,Piccadilly Circus,51.50981800,-0.13454248
776,Pimlico,51.48919100,-0.13355516
675,Pinner,51.59265900,-0.38063573
676,Plaistow,51.53115400,0.01667895
5208,Plumstead,51.48977100,0.08401052
6819,Ponders End,51.64295100,-0.03477575
538,Pontoon Dock,51.50225400,0.03322653
858,Poplar,51.50769300,-0.01712681
6022,Potters Bar,51.69725900,-0.19233735
677,Preston Road,51.57227700,-0.29580246
888,Prince Regent,51.50947600,0.03315898
859,Pudding Mill Lane,51.53377600,-0.01364325
7453,Purfleet,51.48105600,0.23678352
5379,Purley,51.33748500,-0.11392436
5430,Purley Oaks,51.34703300,-0.09871302
5603,Putney,51.46115100,-0.21666759
678,Putney Bridge,51.46829700,-0.20881577
680,Queen's Park,51.53387300,-0.20549308
5424,Queens Road Peckham,51.47367300,-0.05733777
679,Queensbury,51.59418600,-0.28617579
5596,Queenstown Road (Battersea),51.47521200,-0.14629385
681,Queensway,51.51049100,-0.18724529
1546,Radlett,51.68539900,-0.31701889
7454,Rainham (Essex),51.51672200,0.19061903
5083,Ravensbourne,51.41431400,-0.00762321
682,Ravenscourt Park,51.49412800,-0.23579403
683,Rayners Lane,51.57521300,-0.37147142
5569,Raynes Park,51.40896200,-0.23054718
3149,Reading,51.45919300,-0.97232904
6967,Rectory Road,51.55862900,-0.06840579
684,Redbridge,51.57632200,0.04540645
5478,Redhill,51.24005000,-0.16557637
5431,Reedham,51.33112700,-0.12341546
9486,Reeves Corner,51.37480700,-0.10625547
685,Regent's Park,51.52362400,-0.14663494
686,Richmond,51.46320400,-0.30041574
687,Rickmansworth,51.64018400,-0.47340019
5432,Riddlesdown,51.33293900,-0.09969807
688,Roding Valley,51.61707800,0.04375721
6886,Romford,51.57504600,0.18308907
1039,Rotherhithe,51.50077600,-0.05190613
890,Royal Albert,51.50839200,0.04587870
690,Royal Oak,51.51901900,-0.18744001
886,Royal Victoria,51.50910700,0.01759300
691,Ruislip,51.57139800,-0.42133349
692,Ruislip Gardens,51.56063200,-0.41045362
693,Ruislip Manor,51.57340100,-0.41179766
694,Russell Square,51.52291800,-0.12426256
6820,Rye House,51.76935900,0.00552440
5380,Salfords,51.20178800,-0.16228711
5433,Sanderstead,51.34839500,-0.09345820
9487,Sandilands,51.37496400,-0.07774167
3061,Seer Green & Jordans,51.61000000,-0.60800000
5434,Selhurst,51.39221000,-0.08864747
6893,Seven Kings,51.56390300,0.09687811
698,Seven Sisters,51.58247600,-0.07492923
860,Shadwell DLR,51.51174500,-0.05553117
1082,Shadwell LO,51.51124600,-0.05692150
6888,Shenfield,51.63074300,0.32975770
700,Shepherd's Bush LU,51.50435800,-0.21832420
775,Shepherd's Bush Market,51.50607000,-0.22628358
9587,Shepherd's Bush NR,51.50516700,-0.21768747
3150,Shiplake,51.51132000,-0.88279481
1024,Shoreditch High Street,51.52326300,-0.07506346
5084,Shortlands,51.40590900,0.00216269
5125,Sidcup,51.43401900,0.10342741
6972,Silver Street,51.61497200,-0.06705457
5154,Slade Green,51.46767100,0.19031312
702,Sloane Square,51.49226400,-0.15613257
3172,Slough,51.51207300,-0.59121621
703,Snaresbrook,51.58099800,0.02152641
1452,South Acton,51.49972600,-0.26989671
5425,South Bermondsey,51.48795000,-0.05445508
5410,South Croydon,51.36290600,-0.09327221
704,South Ealing,51.50086200,-0.30768875
3138,South Greenford,51.53328600,-0.33644730
1451,South Hampstead,51.54137500,-0.17875021
707,South Harrow,51.56464800,-0.35222693
708,South Kensington,51.49404800,-0.17304516
709,South Kenton,51.57037600,-0.30860066
5292,South Merton,51.40342900,-0.20555728
861,South Quay,51.50003500,-0.01624897
710,South Ruislip,51.55698800,-0.39906917
7404,South Tottenham,51.58043700,-0.07178231
711,South Wimbledon,51.41517300,-0.19264347
712,South Woodford,51.59177700,0.02743335
3187,Southall,51.50605500,-0.37736762
6947,Southbury,51.64787100,-0.05268940
705,Southfields,51.44577300,-0.20661767
706,Southgate,51.63232200,-0.12778670
784,Southwark,51.50410200,-0.10504975
1548,St Albans City,51.75028000,-0.32986331
5290,St Helier,51.38954000,-0.19879923
6973,St James Street,51.58114700,-0.03218953
695,St James's Park,51.49927900,-0.13459822
5059,St Johns,51.46909200,-0.02218452
696,St John's Wood,51.53535100,-0.17420357
5604,St Margaret's (Greater London),51.45515400,-0.32021785
6821,St Margarets (Hertfordshire),51.78795900,0.00108595
5073,St Mary Cray,51.39470500,0.10625226
1555,St Pancras International,51.53188900,-0.12684951
697,St Paul's,51.51542000,-0.09872846
713,Stamford Brook,51.49497200,-0.24588893
6968,Stamford Hill,51.57442900,-0.07665468
714,Stanmore,51.61885700,-0.30262415
889,Star Lane,51.52054100,0.00420265
715,Stepney Green,51.52170600,-0.04671742
716,Stockwell,51.47220700,-0.12249873
6934,Stoke Newington,51.56506600,-0.07267799
717,Stonebridge Park,51.54410600,-0.27623234
5606,Stoneleigh,51.36324300,-0.24844133
719,Stratford,51.54129400,-0.00355279
749,Stratford High Street,51.53764700,-0.00012179
504,Stratford International DLR,51.54570900,-0.00935930
7222,Stratford International NR,51.54479900,-0.00875000
5607,Strawberry Hill,51.43916700,-0.33930782
5383,Streatham,51.42583400,-0.13159236
5384,Streatham Common,51.41856500,-0.13593019
5435,Streatham Hill,51.43828700,-0.12754467
1483,Sudbury & Harrow Road,51.55435100,-0.31604688
720,Sudbury Hill,51.55687800,-0.33625023
1484,Sudbury Hill Harrow,51.55853200,-0.33618989
721,Sudbury Town,51.55074800,-0.31561741
5155,Sundridge Park,51.41378900,0.02143235
5571,Surbiton,51.39241400,-0.30400331
1083,Surrey Quays,51.49342500,-0.04782577
5385,Sutton (Surrey),51.35967900,-0.19089299
5436,Sutton Common,51.37537000,-0.19603630
5075,Swanley,51.39331800,0.16848905
723,Swiss Cottage,51.54372600,-0.17497882
5437,Sydenham,51.42694500,-0.05454445
5085,Sydenham Hill,51.43261100,-0.08015681
5609,Syon Lane,51.48178100,-0.32471236
5386,Tadworth,51.29142700,-0.23585791
3151,Taplow,51.52343800,-0.68161904
5387,Tattenham Corner,51.30862700,-0.24218571
5572,Teddington,51.42446800,-0.33257692
724,Temple,51.51096900,-0.11433396
5610,Thames Ditton,51.38905900,-0.33915348
6949,Theobalds Grove,51.69198200,-0.03560424
9491,Therapia Lane,51.38569600,-0.12908855
725,Theydon Bois,51.67178000,0.10331779
5388,Thornton Heath,51.39894100,-0.10051474
5573,Tolworth,51.37687600,-0.27944643
5389,Tooting,51.41982700,-0.16119221
726,Tooting Bec,51.43561200,-0.15965200
727,Tooting Broadway,51.42775300,-0.16829674
728,Tottenham Court Road,51.51625600,-0.13115181
729,Tottenham Hale LU,51.58811900,-0.05993722
6951,Tottenham Hale NR,51.58811900,-0.05993722
730,Totteridge & Whetstone,51.63072000,-0.17917634
864,Tower Gateway,51.51062800,-0.07395320
731,Tower Hill,51.50984600,-0.07669548
733,Tufnell Park,51.55680300,-0.13846309
5390,Tulse Hill,51.43986800,-0.10504763
6952,Turkey Street,51.67273400,-0.04718309
734,Turnham Green,51.49513000,-0.25469940
735,Turnpike Lane,51.59015000,-0.10274151
5574,Twickenham,51.45029300,-0.32934797
3155,Twyford,51.47531700,-0.86334114
736,Upminster,51.55894800,0.25208801
737,Upminster Bridge,51.55826300,0.23477055
738,Upney,51.53826900,0.09962196
1524,Upper Holloway,51.56347000,-0.12964948
5391,Upper Warlingham,51.30855300,-0.07783516
739,Upton Park,51.53510900,0.03398384
740,Uxbridge,51.54665700,-0.47751300
777,Vauxhall LU,51.48601300,-0.12485562
5597,Vauxhall NR,51.48584400,-0.12274524
741,Victoria LU,51.49636700,-0.14315946
5426,Victoria NR,51.49473500,-0.14457997
5392,Waddon,51.36729800,-0.11736868
9497,Waddon Marsh,51.37699900,-0.11783282
5394,Wallington,51.36023700,-0.15059471
6823,Waltham Cross,51.68521900,-0.02642125
742,Walthamstow Central,51.58289300,-0.01998928
7407,Walthamstow Queen's Road,51.58152700,-0.02375818
9498,Wandle Park,51.37348300,-0.11336486
5395,Wandsworth Common,51.44612200,-0.16351795
5372,Wandsworth Road,51.46996200,-0.13842918
5576,Wandsworth Town,51.46096700,-0.18825816
743,Wanstead,51.57564200,0.02863466
7408,Wanstead Park,51.55175400,0.02572533
1085,Wapping,51.50443300,-0.05601538
6824,Ware,51.80809700,-0.02954416
3158,Wargrave,51.49851500,-0.87651789
745,Warren Street,51.52471900,-0.13853214
746,Warwick Avenue,51.52298400,-0.18330404
5158,Waterloo East,51.50416700,-0.10851968
747,Waterloo LU,51.50300500,-0.11398552
5598,Waterloo NR,51.50284200,-0.11279632
748,Watford,51.65700800,-0.41837506
1455,Watford High Street,51.65223200,-0.39249221
1402,Watford Junction,51.66394500,-0.39611191
6073,Welham Green,51.73595100,-0.21164888
9499,Wellesley Road,51.37562100,-0.09761499
5128,Welling,51.46482500,0.10163325
6183,Welwyn Garden City,51.80085400,-0.20384607
751,Wembley Central,51.55237800,-0.29648851
752,Wembley Park,51.56363100,-0.28005327
1509,Wembley Stadium,51.55424300,-0.28500887
753,West Acton,51.51835100,-0.28041909
755,West Brompton,51.48697300,-0.19519277
5411,West Croydon NR,51.37880400,-0.10203824
8776,West Croydon Trams,51.37904900,-0.10162574
3174,West Drayton,51.50975500,-0.47145169
5086,West Dulwich,51.44052400,-0.09113493
3188,West Ealing,51.51344300,-0.32092815
756,West Finchley,51.60943300,-0.18833261
757,West Ham,51.52809800,0.00456333
1421,West Hampstead LO,51.54729900,-0.19201331
758,West Hampstead LU,51.54681800,-0.18996996
1525,West Hampstead NR,51.54842800,-0.19231472
759,West Harrow,51.57958700,-0.35307221
866,West India Quay,51.50674300,-0.02048242
760,West Kensington,51.49066200,-0.20592269
5438,West Norwood,51.43161500,-0.10351891
762,West Ruislip,51.56950400,-0.43704050
559,West Silvertown,51.50288300,0.02233244
5293,West Sutton,51.36626400,-0.20448205
5054,West Wickham,51.38137300,-0.01451500
754,Westbourne Park,51.52092500,-0.20140395
5151,Westcombe Park,51.48422000,0.01888518
865,Westferry,51.50942000,-0.02672166
761,Westminster,51.50135500,-0.12493192
764,White City,51.51193800,-0.22423982
6956,White Hart Lane,51.60457500,-0.07078873
763,Whitechapel,51.51958200,-0.06068918
5611,Whitton,51.44949900,-0.35778597
5396,Whyteleafe,51.30991800,-0.08102083
5439,Whyteleafe South,51.30375000,-0.07723244
765,Willesden Green,51.54935200,-0.22222091
766,Willesden Junction,51.53219200,-0.24350705
767,Wimbledon,51.42207600,-0.20528730
5612,Wimbledon Chase,51.40993400,-0.21462045
768,Wimbledon Park,51.43405700,-0.19904861
8777,Wimbledon Trams,51.42121800,-0.20565170
6024,Winchmore Hill,51.63384300,-0.10097657
3175,Windsor & Eton Central,51.48327400,-0.61056380
770,Wood Green,51.59741300,-0.10977375
599,Wood Lane,51.50994600,-0.22388498
6954,Wood Street,51.58704300,-0.00167769
769,Woodford,51.60680700,0.03400967
7467,Woodgrange Park,51.54913100,0.04472025
5441,Woodmansterne,51.31893400,-0.15405024
8779,Woodside,51.38707900,-0.06533357
771,Woodside Park,51.61795100,-0.18558107
573,Woolwich Arsenal,51.48989600,0.06929426
5153,Woolwich Dockyard,51.49108200,0.05504337
6562,Woolwich EL,51.49191500,0.07067084
5579,Worcester Park,51.38141900,-0.24498843
5550,Addlestone,51.37300000,-0.48500000
5623,Aldershot,51.24600000,-0.76000000
6869,Althorne,51.64800000,0.75200000
5544,Alton,51.15200000,-0.96700000
1430,Apsley,51.73200000,-0.46300000
5666,Ascot,51.40600000,-0.67700000
5641,Ash,51.25000000,-0.71300000
5547,Ash Vale,51.27300000,-0.72100000
5667,Ashford (Surrey),51.43600000,-0.46900000
5347,Ashtead,51.31800000,-0.30800000
5398,Ashurst,51.12800000,0.15300000
6083,Ashwell & Morden,52.03100000,-0.11000000
1380,Aspley Guise,52.02100000,-0.63200000
7017,Audley End,52.00400000,0.20700000
1492,Aylesbury,51.81300000,-0.81400000
1090,Aylesbury Vale Parkway,51.83100000,-0.85900000
5162,Aylesford,51.30200000,0.46500000
5681,Bagshot,51.36500000,-0.68800000
5492,Balcombe,51.05600000,-0.13700000
6084,Baldock,51.99300000,-0.18700000
5133,Barming,51.28500000,0.47900000
7494,Basildon,51.56800000,0.45700000
5090,Bat & Ball,51.29000000,0.19400000
6870,Battlesbridge,51.62500000,0.56600000
1512,Bedford,52.13600000,-0.47900000
1510,Bedford St Johns,52.12900000,-0.46800000
5227,Beltring,51.20500000,0.40300000
7439,Benfleet,51.54400000,0.56100000
5624,Bentley,51.18100000,-0.86900000
1390,Berkhamsted,51.76400000,-0.56300000
5472,Betchworth,51.24800000,-0.26800000
6871,Billericay,51.62900000,0.41800000
6800,Bishop's Stortford,51.86600000,0.16600000
5625,Blackwater,51.33200000,-0.77700000
1360,Bletchley,51.99500000,-0.73600000
5626,Bookham,51.28900000,-0.38400000
5130,Borough Green & Wrotham,51.29300000,0.30500000
1381,Bow Brickhill,52.00400000,-0.69600000
5403,Box Hill & Westhumble,51.25400000,-0.32900000
5693,Bracknell,51.41300000,-0.75200000
1560,Bricket Wood,51.70600000,-0.35900000
5268,Brighton,50.83000000,-0.14100000
5687,Brookwood,51.30400000,-0.63500000
5483,Burgess Hill,50.95300000,-0.12800000
6873,Burnham-on-Crouch,51.63300000,0.81300000
5324,Buxted,50.99000000,0.13200000
5689,Byfleet & New Haw,51.35000000,-0.48100000
5682,Camberley,51.33600000,-0.74400000
7022,Cambridge,52.19600000,0.13800000
8001,Cambridge North,52.22400000,0.15800000
7469,Chalkwell,51.53900000,0.66900000
5199,Chatham,51.38100000,0.52000000
1372,Cheddington,51.85800000,-0.66200000
6836,Chelmsford,51.73700000,0.46900000
5553,Chertsey,51.38700000,-0.51000000
5296,Chilworth,51.21500000,-0.52400000
5555,Clandon,51.26400000,-0.50300000
5556,Claygate,51.36200000,-0.34800000
5557,Cobham & Stoke D'Abernon,51.31800000,-0.39000000
5409,Cowden,51.15500000,0.11000000
5325,Crowborough,51.04600000,0.18800000
5628,Crowthorne,51.36600000,-0.81900000
5201,Cuxton,51.37400000,0.46200000
5668,Datchet,51.48300000,-0.57900000
5357,Dorking,51.24100000,-0.32400000
5412,Dorking (Deepdene),51.23900000,-0.32400000
5297,Dorking West,51.23600000,-0.33900000
5413,Dormans,51.15600000,-0.00400000
5102,Dunton Green,51.29700000,0.17100000
5694,Earley,51.44100000,-0.91700000
5234,East Farleigh,51.25500000,0.48400000
5486,East Grinstead,51.12600000,-0.01800000
5134,East Malling,51.28600000,0.44000000
7471,East Tilbury,51.48400000,0.41300000
1544,Ebbsfleet International,51.44300000,0.32000000
5473,Edenbridge,51.20800000,0.06100000
5359,Edenbridge Town,51.20000000,0.06700000
5642,Effingham Junction,51.28900000,-0.42200000
5669,Egham,51.43000000,-0.54600000
6832,Elsenham,51.92000000,0.22900000
5459,Eridge,51.08900000,0.20100000
5558,Esher,51.38000000,-0.35400000
5065,Eynsford,51.36200000,0.20400000
5521,Farnborough (Main),51.29700000,-0.75600000
5688,Farnborough North,51.30200000,-0.74300000
5545,Farnham,51.21200000,-0.79300000
5105,Farningham Road,51.40200000,0.23600000
1377,Fenny Stratford,52.00000000,-0.71700000
1532,Flitwick,52.00300000,-0.49500000
7029,Foxton,52.11900000,0.05700000
5683,Frimley,51.31200000,-0.74700000
1559,Garston,51.68700000,-0.38200000
5169,Gillingham (Kent),51.38700000,0.55100000
5474,Godstone,51.21800000,-0.05100000
5298,Gomshall,51.21900000,-0.44300000
5172,Gravesend,51.44100000,0.36600000
7032,Great Chesterford,52.06000000,0.19300000
1463,Great Missenden,51.70300000,-0.70900000
5138,Greenhithe,51.45100000,0.28000000
5631,Guildford,51.23800000,-0.58200000
5173,Halling,51.35200000,0.44500000
1533,Harlington,51.96100000,-0.49500000
6804,Harlow Mill,51.79000000,0.13200000
6827,Harlow Town,51.78100000,0.09600000
5489,Hassocks,50.92500000,-0.14600000
6845,Hatfield Peverel,51.78000000,0.59200000
5490,Haywards Heath,51.00500000,-0.10500000
1391,Hemel Hempstead,51.74200000,-0.49100000
5590,Hersham,51.37700000,-0.38900000
5417,Hever,51.18100000,0.09500000
5235,High Brooms,51.14900000,0.27700000
5202,Higham,51.42700000,0.46600000
5236,Hildenborough,51.21500000,0.22800000
5591,Hinchley Wood,51.37500000,-0.34100000
6086,Hitchin,51.95300000,-0.26300000
6880,Hockley,51.60400000,0.65800000
5562,Horsley,51.28000000,-0.43500000
5273,Hove,50.83500000,-0.17100000
1563,How Wood,51.71700000,-0.34500000
5463,Hurst Green,51.24500000,0.00400000
6882,Ingatestone,51.66700000,0.38400000
1384,Kempston Hardwick,52.09200000,-0.50400000
5678,Kempton Park,51.42100000,-0.40900000
5079,Kemsing,51.29700000,0.24700000
1392,King's Langley,51.70600000,-0.43800000
6088,Knebworth,51.86700000,-0.18700000
7445,Laindon,51.56700000,0.42500000
1534,Leagrave,51.90500000,-0.45900000
5368,Leatherhead,51.29900000,-0.33300000
5294,Leigh (Kent),51.19400000,0.21200000
7446,Leigh-on-Sea,51.54000000,0.63800000
1373,Leighton Buzzard,51.91600000,-0.67700000
6089,Letchworth Garden City,51.98000000,-0.22900000
1579,Lidlington,52.04200000,-0.55800000
5369,Lingfield,51.17600000,-0.00700000
3066,Little Kimble,51.75200000,-0.80900000
5281,London Road (Brighton),50.83700000,-0.13600000
5632,London Road (Guildford),51.24100000,-0.56500000
5674,Longcross,51.38500000,-0.59500000
5114,Longfield,51.39600000,0.30000000
1536,Luton,51.88200000,-0.41400000
5237,Maidstone Barracks,51.27700000,0.51400000
5115,Maidstone East,51.27800000,0.52000000
5222,Maidstone West,51.27100000,0.51600000
5692,Martins Heron,51.40800000,-0.72500000
7036,Meldreth,52.09100000,0.00900000
5116,Meopham,51.38600000,0.35700000
1537,Millbrook (Bedfordshire),52.05400000,-0.53300000
1378,Milton Keynes Central,52.03300000,-0.77300000
3067,Monks Risborough,51.73600000,-0.82900000
5238,New Hythe,51.31300000,0.45500000
7039,Newport (Essex),51.98000000,0.21500000
5636,North Camp,51.27500000,-0.73100000
6875,North Fambridge,51.64900000,0.68200000
5120,Northfleet,51.44600000,0.32400000
5476,Nutfield,51.22700000,-0.13300000
5071,Otford,51.31300000,0.19700000
5602,Oxshott,51.33700000,-0.36200000
5377,Oxted,51.25700000,-0.00400000
5224,Paddock Wood,51.18200000,0.39000000
1561,Park Street,51.72600000,-0.34000000
5477,Penshurst,51.19700000,0.17300000
7452,Pitsea,51.56000000,0.50700000
5285,Preston Park,50.84600000,-0.15500000
3055,Princes Risborough,51.71700000,-0.84400000
7419,Prittlewell,51.55100000,0.71100000
5177,Rainham (Kent),51.36700000,0.61100000
6884,Rayleigh,51.58900000,0.60000000
5480,Reigate,51.24200000,-0.20400000
1538,Ridgmont,52.02600000,-0.59500000
5203,Rochester,51.38600000,0.51100000
6885,Rochford,51.58200000,0.70200000
6829,Roydon,51.77600000,0.03500000
6090,Royston,52.05300000,-0.02700000
5646,Sandhurst,51.34700000,-0.80400000
3056,Saunderton,51.67600000,-0.82500000
6806,Sawbridgeworth,51.81500000,0.16100000
5124,Sevenoaks,51.27600000,0.18200000
5638,Shalford,51.21400000,-0.56700000
7043,Shelford,52.14900000,0.14000000
5605,Shepperton,51.39700000,-0.44700000
7044,Shepreth,52.11400000,0.03100000
7455,Shoeburyness,51.53100000,0.79500000
5074,Shoreham (Kent),51.33200000,0.18900000
5189,Snodland,51.33000000,0.44800000
5126,Sole Street,51.38300000,0.37800000
6892,South Woodham Ferrers,51.64900000,0.60600000
4787,Southend Airport,51.56700000,0.70500000
7456,Southend Central,51.53700000,0.71200000
7457,Southend East,51.53900000,0.73100000
7420,Southend Victoria,51.54200000,0.71200000
6890,Southminster,51.66100000,0.83500000
1562,St Albans Abbey,51.74500000,-0.34200000
5670,Staines,51.43200000,-0.50300000
7458,Stanford-le-Hope,51.51400000,0.42300000
6834,Stansted Airport,51.88800000,0.26100000
6833,Stansted Mountfitchet,51.90100000,0.19900000
6092,Stevenage,51.90100000,-0.20700000
1386,Stewartby,52.06900000,-0.52100000
1467,Stoke Mandeville,51.78800000,-0.78400000
5248,Stone Crossing,51.45100000,0.26300000
5191,Strood,51.39700000,0.50000000
5608,Sunbury,51.41800000,-0.41700000
5671,Sunningdale,51.39200000,-0.63300000
5675,Sunnymeads,51.47000000,-0.55900000
5156,Swanscombe,51.44900000,0.30700000
7460,Thorpe Bay,51.53800000,0.76200000
5491,Three Bridges,51.11700000,-0.16100000
7462,Tilbury Town,51.46200000,0.35400000
5229,Tonbridge,51.19200000,0.27000000
1393,Tring,51.80000000,-0.62200000
5230,Tunbridge Wells,51.13000000,0.26300000
5334,Uckfield,50.96900000,0.09700000
5613,Upper Halliford,51.41300000,-0.43100000
5676,Virginia Water,51.40100000,-0.56200000
5575,Walton-on-Thames,51.37300000,-0.41400000
5639,Wanborough,51.24500000,-0.66700000
5241,Wateringbury,51.25000000,0.42200000
1403,Watford North,51.67500000,-0.39000000
6095,Watton-at-Stone,51.85700000,-0.11900000
6096,Welwyn North,51.82400000,-0.19200000
1466,Wendover,51.76200000,-0.74700000
5684,West Byfleet,51.33900000,-0.50500000
7466,West Horndon,51.56800000,0.34100000
5129,West Malling,51.29200000,0.41800000
7476,Westcliff,51.53700000,0.69200000
5577,Weybridge,51.36200000,-0.45700000
7047,Whittlesford Parkway,52.10300000,0.16600000
6891,Wickford,51.61400000,0.52200000
5672,Windsor & Eton Riverside,51.48600000,-0.60600000
5697,Winnersh,51.43100000,-0.87800000
5698,Winnersh Triangle,51.43700000,-0.89200000
6844,Witham,51.80600000,0.63900000
5341,Wivelsfield,50.96400000,-0.12100000
1539,Woburn Sands,52.01800000,-0.65500000
5685,Woking,51.32300000,-0.54600000
5696,Wokingham,51.41100000,-0.84300000
5440,Woldingham,51.29000000,-0.05200000
5686,Worplesdon,51.28800000,-0.58200000
5673,Wraysbury,51.45800000,-0.54200000
5232,Yalding,51.22700000,0.41200000
